{
  "id": "",
  "name": "",
  "font_family": "iconfont",
  "css_prefix_text": "icon-",
  "description": "",
  "glyphs": [
    {
      "icon_id": "76992",
      "name": "搜索",
      "font_class": "sousuo",
      "unicode": "f00d9",
      "unicode_decimal": 983257
    },
    {
      "icon_id": "630085",
      "name": "向上箭头",
      "font_class": "xiangshangjiantou",
      "unicode": "e65d",
      "unicode_decimal": 58973
    },
    {
      "icon_id": "630092",
      "name": "向下箭头",
      "font_class": "xiangxiajiantou",
      "unicode": "e65e",
      "unicode_decimal": 58974
    },
    {
      "icon_id": "1120980",
      "name": "右箭头",
      "font_class": "youjiantou1",
      "unicode": "e628",
      "unicode_decimal": 58920
    },
    {
      "icon_id": "1236846",
      "name": "语音",
      "font_class": "01",
      "unicode": "e610",
      "unicode_decimal": 58896
    },
    {
      "icon_id": "1304892",
      "name": "右箭头",
      "font_class": "youjiantou",
      "unicode": "e624",
      "unicode_decimal": 58916
    },
    {
      "icon_id": "1304897",
      "name": "左箭头",
      "font_class": "zuojiantou",
      "unicode": "e625",
      "unicode_decimal": 58917
    },
    {
      "icon_id": "1727447",
      "name": "216更多-竖向",
      "font_class": "gengduo-shuxiang",
      "unicode": "e8c4",
      "unicode_decimal": 59588
    },
    {
      "icon_id": "3456461",
      "name": "扫码",
      "font_class": "saoma",
      "unicode": "e712",
      "unicode_decimal": 59154
    },
    {
      "icon_id": "4354835",
      "name": "闭眼睛",
      "font_class": "biyanjing",
      "unicode": "e901",
      "unicode_decimal": 59649
    },
    {
      "icon_id": "5387613",
      "name": "向左",
      "font_class": "xiangzuo",
      "unicode": "eb15",
      "unicode_decimal": 60181
    },
    {
      "icon_id": "5651516",
      "name": "书写、编辑",
      "font_class": "shuxiebianji",
      "unicode": "e68b",
      "unicode_decimal": 59019
    },
    {
      "icon_id": "11372728",
      "name": "眼睛",
      "font_class": "yanjing",
      "unicode": "e8bf",
      "unicode_decimal": 59583
    },
    {
      "icon_id": "17816845",
      "name": "更多",
      "font_class": "gengduo",
      "unicode": "e502",
      "unicode_decimal": 58626
    }
  ]
}
